{"cameraMode":{"drawMode":0,"name":"Shaded","section":"Shading Mode"},"sceneLighting":false,"audioPlay":false,"sceneViewState":{"m_AlwaysRefresh":false,"showFog":true,"showSkybox":false,"showFlares":true,"showImageEffects":true,"showParticleSystems":true,"showVisualEffectGraphs":true,"m_FxEnabled":true},"in2DMode":false,"pivot":{"x":0.46933650970458987,"y":0.05551380291581154,"z":-0.03665703535079956},"rotation":{"x":-0.011768631637096405,"y":-0.9877218008041382,"z":0.08186563104391098,"w":-0.13134907186031342},"size":1.2247449159622193,"orthographic":false}