{"cameraMode":{"drawMode":0,"name":"Shaded","section":"Shading Mode"},"sceneLighting":false,"audioPlay":false,"sceneViewState":{"m_AlwaysRefresh":false,"showFog":true,"showSkybox":false,"showFlares":true,"showImageEffects":true,"showParticleSystems":true,"showVisualEffectGraphs":true,"m_FxEnabled":true},"in2DMode":false,"pivot":{"x":374.0406494140625,"y":185.6610870361328,"z":-8.776382446289063},"rotation":{"x":0.14666210114955903,"y":0.024729197844862939,"z":-0.005239739082753658,"w":0.9886701107025147},"size":103.07764434814453,"orthographic":false}