{"cameraMode":{"drawMode":0,"name":"Shaded","section":"Shading Mode"},"sceneLighting":false,"audioPlay":false,"sceneViewState":{"m_AlwaysRefresh":false,"showFog":true,"showSkybox":false,"showFlares":true,"showImageEffects":true,"showParticleSystems":true,"showVisualEffectGraphs":true,"m_FxEnabled":true},"in2DMode":false,"pivot":{"x":-0.0062713623046875,"y":1.177668571472168,"z":0.010467529296875},"rotation":{"x":-0.001368895755149424,"y":0.9896562695503235,"z":-0.14230096340179444,"w":-0.009777466766536236},"size":0.8660253882408142,"orthographic":false}